"Name","Code","pricegrowth"
"Abba River","50001",0.3043552255257964
"Abbey","50002",0.11562081496231258
"Acton Park (WA)","50003",0.13410320063121617
"Adamsvale","50004",0.910475165816024
"Ajana","50005",0.8539030267857015
"Albany","50006",0.8066120555158705
"Aldersyde","50007",0.4560687525663525
"Alexander Heights","50008",0.3073152049910277
"Alexandra Bridge","50009",0.10106662730686367
"Alfred Cove","50010",0.8816709478851408
"Alkimos","50011",0.41879901802167296
"Allanooka","50012",0.9040397389326245
"Allanson","50013",0.8203958980739117
"Alma (WA)","50014",0.5230489305686206
"Ambania","50015",0.8545903803315014
"Ambergate","50016",0.7997714469674975
"Amelup","50017",0.5901976441964507
"Angelo River","50018",0.35399356624111533
"Anketell","50019",0.11871020984835923
"Anniebrook","50020",0.6736891232430935
"Antonymyre","50021",0.611849351786077
"Applecross","50022",0.044268319150432944
"Ardath","50023",0.4942238493822515
"Ardross","50024",0.8170259685721248
"Argyle (WA)","50025",0.8981061258818954
"Armadale (WA)","50026",0.9911090745590627
"Arrino","50027",0.58554708189331
"Arrowsmith","50028",0.7204012435395271
"Arrowsmith East","50029",0.6527182513382286
"Arthur River (WA)","50030",0.6787900668568909
"Ascot (WA)","50031",0.7009625770151615
"Ashby (WA)","50032",0.0036391622852534056
"Ashendon","50033",0.73871118738316
"Ashfield (WA)","50034",0.6423858352936804
"Attadale","50035",0.9828595786821097
"Atwell","50036",0.46663364372216165
"Aubin Grove","50037",0.9660589965060353
"Augusta","50038",0.4484902056865394
"Australind","50039",0.6846544463187456
"Aveley","50040",0.6477803192101419
"Avon Valley National Park","50041",0.31957439449615777
"Baandee","50042",0.015409475425258279
"Babakin","50043",0.661804573610425
"Badgebup","50045",0.7756473498884588
"Badgerin Rock","50046",0.10706488974392414
"Badgin","50047",0.9740518303588033
"Badgingarra","50048",0.28248443733900785
"Badjaling","50049",0.7772553383838385
"Bailup","50050",0.0935490233823657
"Bakers Hill","50051",0.08318163640797138
"Balbarrup","50052",0.4944142824970186
"Balcatta","50053",0.37388334912247956
"Baldivis","50054",0.5015903394669294
"Balga","50055",0.5152012130711228
"Balingup","50056",0.5726549543906003
"Balkuling","50057",0.6029478523414582
"Balla Balla","50058",0.8722658478654921
"Balladong","50059",0.6935969709884375
"Balladonia","50060",0.9401538386009634
"Ballajura","50061",0.7260367784183472
"Ballaying","50062",0.37392591196112335
"Ballidu","50063",0.3460592955816537
"Bally Bally","50064",0.35305608971975744
"Bambun","50065",0.5880712375510484
"Bandy Creek","50066",0.13933170470409095
"Bandya","50067",0.8089764765463769
"Banjup","50068",0.5172867733053863
"Banksia Grove","50069",0.7156226655934006
"Banksiadale","50070",0.11989459511823952
"Bannister (WA)","50071",0.7526897999923676
"Barbalin","50072",0.5783004511613399
"Barberton","50073",0.9780281751882285
"Barrabup","50074",0.7777324647177011
"Barragup","50075",0.7559234939981252
"Baskerville","50077",0.9298513929825276
"Bassendean (WA)","50078",0.5773626954760402
"Bateman","50079",0.7488901268225163
"Baudin","50080",0.6258329825941473
"Baynton (WA)","50081",0.7641864847391844
"Bayonet Head","50082",0.8331212655175477
"Bayswater (WA)","50083",0.6828883592970669
"Beachlands","50084",0.9093315813224763
"Beacon","50085",0.1571183179039508
"Beaconsfield (WA)","50086",0.07041988847777247
"Beadell","50087",0.45031902869232
"Beaufort River","50088",0.2652453160844743
"Beaumont (WA)","50089",0.6493508908897638
"Beckenham","50090",0.37508010771125555
"Bedford","50091",0.5480452042538673
"Bedfordale","50092",0.3082358278334141
"Beechboro","50093",0.2034045490436256
"Beechina","50094",0.6602119794115424
"Beedelup","50095",0.13822665554471314
"Beela","50096",0.5718947553541511
"Beelerup","50097",0.9826606286223978
"Beeliar","50098",0.8286781122442335
"Beenong","50099",0.7835886748507619
"Beermullah","50100",0.07147044851444662
"Bejoording","50101",0.3981177171226591
"Beldon","50102",0.6263167476281524
"Belhus","50103",0.9199390059802681
"Bellevue (WA)","50104",0.3793708796147257
"Belmont (WA)","50105",0.5793625137303025
"Bencubbin","50106",0.38052000058814883
"Benger","50107",0.21064366167411208
"Benjaberring","50108",0.44882923155091703
"Benjinup","50109",0.9629795316141099
"Bennett Springs","50110",0.6316508711315691
"Bentley (WA)","50111",0.06043715518899262
"Beresford","50112",0.7709315132815391
"Berkshire Valley","50113",0.7788473123218864
"Bertram","50115",0.48974078916944563
"Beverley (WA)","50116",0.15505643235519528
"Bibra Lake","50117",0.021369905211031437
"Bickley","50118",0.1722820345312357
"Bicton","50119",0.05280794925056398
"Biddelia","50120",0.7062554925214499
"Big Grove","50121",0.8100319209042937
"Bilbarin","50122",0.8122329981997609
"Bilingurr","50123",0.49914931529201567
"Bimbijy","50124",0.025031133322045207
"Bindi Bindi","50125",0.3791991916950792
"Bindoon","50126",0.36850381921976805
"Bindoon Training Area","50127",0.3989827681798488
"Binduli","50128",0.23350424715317786
"Binningup","50129",0.5382075603120029
"Binnu","50130",0.4281712509691715
"Birchmont","50131",0.7142818451393396
"Bluff Point","50132",0.2561939381994307
"Blythewood","50133",0.3173288367688656
"Boallia","50134",0.8596868682652712
"Bobalong","50135",0.3681629591155797
"Bodallin","50136",0.6977583349216729
"Boddington","50137",0.5272740696091205
"Boilup","50138",0.05506656249053776
"Bokal","50139",0.9145339264068753
"Bolgart","50140",0.7320491131395102
"Bonnie Rock","50141",0.5631696917116642
"Bonniefield","50142",0.953134776558727
"Boodarie","50143",0.09332193667069077
"Boodarockin","50144",0.99989929725416
"Bookara","50145",0.8222671714611351
"Boonanarring","50146",0.32493861252442
"Boorabbin","50147",0.5664692288264632
"Booragoon","50148",0.17019770969636738
"Booralaming","50149",0.7092493812087923
"Boorara","50150",0.15538826677948236
"Boorara Brook","50151",0.10368181183002889
"Bootenal","50152",0.9379239240661263
"Boothendarra","50153",0.12903535063378513
"Boranup","50154",0.2571293441578746
"Borden","50155",0.6650644666515291
"Borderdale","50156",0.9454429461620748
"Bornholm","50157",0.8604171895422041
"Boscabel","50158",0.9989957143552601
"Boulder","50159",0.31890915473923087
"Boundain","50160",0.973135766107589
"Bouvard","50161",0.15473656565882266
"Bovell","50162",0.6604387734550983
"Bow Bridge","50163",0.41969700274057686
"Bowelling","50164",0.597822877112776
"Bowes","50165",0.038194236578419805
"Bowgada","50166",0.15488549368456006
"Boxwood Hill","50167",0.3453905114438385
"Boya","50168",0.9774246693123132
"Boyanup","50169",0.2712338441051543
"Boyatup","50170",0.8251248414162546
"Boyerine","50171",0.5055112687405199
"Boyup Brook","50172",0.8764475840143859
"Brabham","50173",0.5382289839908481
"Bramley","50174",0.13291768287308514
"Brazier","50175",0.4685170943848789
"Breera","50176",0.7350562447682023
"Bremer Bay","50177",0.9792818953283131
"Brentwood (WA)","50178",0.6542985353153199
"Breton Bay","50179",0.2752994268666953
"Bridgetown","50180",0.8977056560106575
"Brigadoon","50181",0.6843768644612283
"Bringo","50182",0.12606070353649557
"Broadwater (WA)","50183",0.9006351034622639
"Broadwood","50184",0.4678432873915881
"Brockman","50185",0.2281993522774428
"Broke (WA)","50186",0.36924920068122447
"Brookdale (WA)","50187",0.9875709600746632
"Brookhampton","50188",0.22221769811585546
"Brookton","50189",0.5243801039177924
"Broome","50190",0.9283743414562196
"Broomehill East","50191",0.6746138012968004
"Broomehill Village","50192",0.9968145398888737
"Broomehill West","50193",0.4590195738710463
"Brown Hill (WA)","50194",0.9550716420635581
"Brown Range","50195",0.024930403800681233
"Bruce Rock","50196",0.8115137051790953
"Brunswick (WA)","50197",0.8906551811378449
"Buckingham (WA)","50198",0.9680764873046428
"Buckland (WA)","50199",0.1863112475257367
"Bulgarra","50200",0.8425121488980949
"Bull Creek (WA)","50201",0.8883338125888258
"Bullabulling","50202",0.9320036994758993
"Bullaring","50203",0.4428847460076213
"Buller","50204",0.10712588159367442
"Bullfinch","50205",0.5295292136725038
"Bullock Hills","50206",0.9832981156650931
"Bullsbrook","50207",0.46792409126646817
"Bulong","50208",0.989773808280006
"Bulyee","50209",0.7614423555787653
"Bunbury (WA)","50210",0.7942169415764511
"Bundanoon (WA)","50211",0.34786416799761355
"Buniche","50212",0.11606150888837874
"Bunjil","50213",0.3024902131874114
"Buntine","50214",0.9472095996607095
"Burakin","50215",0.6328122084960341
"Buraminya","50216",0.3392020845785737
"Burekup","50217",0.8911174568347633
"Burges","50218",0.8613033834844828
"Burlong","50219",0.8673041274305433
"Burma Road","50220",0.1561122527346015
"Burns Beach","50221",0.7983578606508672
"Burnside (WA)","50222",0.15722044673748314
"Burracoppin","50223",0.3918535173870623
"Burran Rock","50224",0.4093229444697499
"Burrup","50225",0.1904292656108737
"Burswood","50226",0.03369386657141149
"Bushmead","50227",0.9686126648448408
"Busselton","50228",0.47710341727361083
"Butler (WA)","50229",0.030205829069018364
"Byford","50230",0.021490013226866722
"Cable Beach","50231",0.7872902329545468
"Cadoux","50232",0.374678370077163
"Caiguna","50233",0.9073309125378728
"Calingiri","50234",0.7047642685938627
"Calista","50235",0.9546207464300096
"Caljie","50236",0.7826624168083072
"Callcup","50237",0.6190334835555404
"Camballin","50238",0.5339989573694766
"Cambridge Gulf","50239",0.682650308823213
"Camillo","50240",0.3402239663992077
"Cancanning","50241",0.36062486143782735
"Cane","50242",0.15111137134954333
"Canna","50243",0.8488378103356808
"Canning Mills","50244",0.5205020166467875
"Canning Vale","50245",0.9296968241687864
"Cannington","50246",0.7906233395915478
"Cape Arid","50247",0.672339390264824
"Cape Burney","50248",0.016159353079274297
"Cape Le Grand","50249",0.9226536666974425
"Cape Range National Park","50250",0.7729887347668409
"Capel","50251",0.9800075555685908
"Capel River","50252",0.10359459510073066
"Capricorn","50253",0.5066857759375125
"Caraban","50254",0.7764061563648283
"Carabooda","50255",0.8862546242307872
"Carani","50256",0.3839590302668512
"Carbla","50257",0.3980984231457114
"Carbunup River","50258",0.1598361551295966
"Cardiff (WA)","50259",0.47532547428272665
"Cardup","50260",0.30504356720484793
"Carey Park","50261",0.9518488391768187
"Carine","50262",0.3556691496632993
"Carlisle","50263",0.7210135271307081
"Carlotta","50264",0.5829501694533974
"Carmel","50265",0.4999480510596186
"Carnamah","50266",0.7372009365353733
"Carnarvon","50267",0.7735490119084716
"Carrabin","50268",0.08827913948334754
"Carramar (WA)","50269",0.04627096769399941
"Carrolup","50270",0.4959466678556055
"Cartmeticup","50271",0.03613174892961979
"Cascade (WA)","50272",0.6624231562018394
"Castletown","50273",0.4384475958067924
"Casuarina (WA)","50274",0.4238856134470552
"Cataby","50275",0.8611129405908287
"Catterick","50276",0.8609164354857057
"Caversham","50277",0.9648832217790186
"Centennial Park (WA)","50278",0.5317364255897701
"Cervantes","50279",0.3601182783022523
"Chadwick","50280",0.7779312850907445
"Champion Lakes","50281",0.36828514328226447
"Chandler (WA)","50282",0.6840229707304388
"Changerup","50283",0.013290022732689977
"Channybearup","50284",0.4818138279952109
"Chapman Hill","50285",0.5330281353089958
"Charley Creek","50286",0.3598761430475861
"Cherry Tree Pool","50287",0.2881223817821592
"Cheynes","50288",0.035078083630651236
"Chichester (WA)","50289",0.08981636445969343
"Chidlow","50290",0.44271203107200563
"Chittering","50291",0.9502328874077648
"Chowerup","50292",0.6442596467677504
"Churchlands","50293",0.648623533314094
"City Beach","50294",0.9537316015921533
"Clackline","50295",0.34749149926938117
"Claremont (WA)","50296",0.8343182555399835
"Clarkson","50297",0.9081655491609126
"Cleary","50298",0.9653832660987973
"Cleaverville","50299",0.0977843482978642
"Clifton (WA)","50300",0.25921711046248674
"Cloverdale","50301",0.5111572446767241
"Coblinine","50302",0.7680339268408716
"Coburn","50303",0.9942306205630302
"Cockburn Central","50304",0.18387701269239187
"Cocklebiddy","50305",0.907493504229933
"Codjatotine","50306",0.3085950168315321
"Cold Harbour","50307",0.4487772984430194
"Collanilling","50308",0.8596989125944674
"College Grove","50309",0.6278928981628269
"Collie (WA)","50310",0.08396500837989151
"Collie Burn","50311",0.08785005589015782
"Collingwood Heights","50312",0.6358245639130473
"Collingwood Park (WA)","50313",0.909414857858792
"Collins","50314",0.03562226099893451
"Commodine","50315",0.4653214388526976
"Como (WA)","50316",0.5792129172477871
"Condingup","50317",0.4250662396661937
"Connolly","50318",0.40275290375575423
"Contine","50319",0.6628907413687557
"Coodanup","50320",0.6087500625289977
"Coogee (WA)","50321",0.4894042513333261
"Cookernup","50322",0.31000191858038306
"Cooladar Hill","50323",0.2818890935741365
"Coolbellup","50324",0.7824588371440768
"Coolbinia","50325",0.5982503641862422
"Coolcalalaya","50326",0.8452153950929642
"Coolgardie (WA)","50327",0.15326844132505357
"Cooljarloo","50328",0.0537273392546922
"Cooloongup","50329",0.8183037023991346
"Coolup","50330",0.854397599119693
"Coomalbidgup","50331",0.7785111761186272
"Coomberdale","50332",0.6633578757755458
"Coonabidgee","50333",0.552974593359977
"Coondle","50334",0.6459044262301177
"Coorow","50335",0.8321807133033872
"Cooya Pooya","50336",0.5392865845933557
"Copley (WA)","50337",0.9602185988333076
"Coral Bay","50338",0.12089973036199808
"Corinthia","50339",0.3654935769736767
"Corrigin","50340",0.606934213778004
"Cosmo Newbery","50341",0.578840967034921
"Cossack (WA)","50342",0.5684164087288082
"Cottesloe","50343",0.4467443930916488
"Courtenay","50344",0.736228545429185
"Cowalellup","50345",0.20751691749319434
"Cowalla","50346",0.45201058057136834
"Cowaramup","50347",0.6170717487111688
"Cowcowing","50348",0.9729831253644079
"Coyrecup","50349",0.6051098152529448
"Craigie (WA)","50350",0.5647854511626065
"Cramphorne","50351",0.9520138825755566
"Cranbrook (WA)","50352",0.6552132642827928
"Crawley","50353",0.7939747483469546
"Crooked Brook","50354",0.5808818344958127
"Crossman","50355",0.16727384529076517
"Crowea","50356",0.2476897758897394
"Cuballing","50357",0.7042544139549136
"Cubbine","50358",0.30590590997599065
"Cue","50359",0.7656765840947628
"Culham","50360",0.8772216823417693
"Cullacabardee","50361",0.09140092274174094
"Cullalla","50362",0.6212197858840227
"Cundeelee","50363",0.13031219923868775
"Cunderdin","50364",0.17612142371945083
"Cundinup","50365",0.9065176106523722
"Cunjardine","50366",0.9391814565751702
"Currambine","50367",0.028791334480047226
"Cuthbert","50368",0.21884398628026247
"Daadenning Creek","50369",0.3661322044208646
"Daggar Hills","50370",0.8378720958717167
"Daglish","50371",0.8649836922995746
"Dale","50372",0.282746885670349
"Daliak","50373",0.10058321920223534
"Dalkeith","50374",0.8994322104845196
"Dalwallinu","50375",0.3414566139690578
"Dalyellup","50376",0.8299240712076426
"Dalyup","50377",0.04696541209705174
"Dampier","50378",0.16612576507031918
"Dampier Peninsula","50380",0.5887115213554353
"Dandanning","50381",0.8534103618003428
"Dandaragan","50382",0.36710296757519245
"Dangin","50383",0.1770001247059554
"Darch","50384",0.5255884423386306
"Dardadine","50385",0.21510688355192542
"Dardanup","50386",0.5460344122257084
"Dardanup West","50387",0.07408726122230291
"Darkan","50388",0.6685006238985807
"Darling Downs","50389",0.26049080514349043
"Darlington (WA)","50390",0.6441439220216125
"Darradup","50391",0.6567163078580052
"Dartmoor (WA)","50392",0.21610597963444889
"Dartnall","50393",0.19432081608101726
"Datatine","50394",0.6937002951744944
"Davenport (WA)","50395",0.7982215716037899
"Dawesville","50396",0.035580910043790936
"Dayton","50397",0.9797404981218278
"De Grey","50398",0.13573034899309278
"Deanmill","50399",0.66377420630306
"Deepdale","50400",0.7697066150140017
"Deepdene (WA)","50401",0.8849369217641652
"Denbarker","50402",0.7480956558138132
"Denham","50403",0.5054595649708062
"Denmark","50404",0.8452353249303997
"Derby (WA)","50405",0.4924219469539821
"Devils Creek","50406",0.3319408823736012
"Dewars Pool","50407",0.8073417614214122
"Diamond Tree","50408",0.9232364462222904
"Dianella","50409",0.9047308785375208
"Dindiloa","50410",0.4003192812670022
"Dingup","50411",0.33023540023714304
"Dinninup","50412",0.13459940743632615
"Dixvale","50414",0.8005161178298295
"Djugun","50415",0.7199991284869611
"Dongara","50416",0.968987830914557
"Dongolocking","50417",0.2379795836750418
"Donnelly River","50418",0.5851611553225666
"Donnybrook (WA)","50419",0.6679035006090999
"Doodenanning","50420",0.1863865158520639
"Doodlakine","50421",0.6198071260005236
"Doubleview","50423",0.4272602826822549
"Dowerin","50424",0.223415101878345
"Drome","50425",0.4390125728677958
"Drummond Cove","50426",0.726010006852448
"Dryandra","50427",0.5734818850178272
"Drysdale River","50428",0.2630202735308558
"Dudawa","50429",0.7756263555493206
"Dudinin","50430",0.6720709551591426
"Dudley Park (WA)","50431",0.11145690246485174
"Dukin","50432",0.33367366227321327
"Dulbelling","50433",0.04469015309587121
"Dulyalbin","50434",0.19291731785051525
"Dumbarton","50435",0.7923251814208925
"Dumberning","50436",0.2124581946991384
"Dumbleyung","50437",0.5164995165541768
"Duncraig","50438",0.32006770302541554
"Dundas (WA)","50439",0.4284309532959014
"Dunn Rock","50440",0.9310733855236322
"Dunsborough","50441",0.24225214798934758
"Durack (WA)","50442",0.07738199271261692
"Duranillin","50443",0.05044379713945091
"Durawah","50444",0.13989675673656166
"Dwarda","50445",0.986019799252972
"Dwellingup","50446",0.29228345467709005
"Eagle Bay","50447",0.9449245855212212
"East Augusta","50448",0.21851999685168266
"East Ballidu","50449",0.15696437703445554
"East Beverley","50450",0.4732896799687296
"East Bowes","50451",0.9993987197522074
"East Bunbury","50452",0.3600711855106056
"East Cannington","50453",0.5163989330176264
"East Carnarvon","50454",0.6046076554339379
"East Chapman","50455",0.1276884509716183
"East Damboring","50456",0.7523457617498934
"East Fremantle","50457",0.285694359568879
"East Lyons River","50458",0.6557006181683391
"East Munglinup","50459",0.9904104215092957
"East Murchison","50460",0.7761181441601366
"East Nabawa","50461",0.498857035767287
"East Nannup","50462",0.9737682014238089
"East Newdegate","50463",0.6879002696368843
"East Perth","50464",0.6502573876641691
"East Pingelly","50465",0.8049694932997227
"East Popanyinning","50466",0.2941339244134724
"East Rockingham","50467",0.10734947747550905
"East Victoria Park","50468",0.36569734942168
"East Wickepin","50469",0.17430859291926026
"East Yuna","50470",0.2689780122600496
"Eastbrook","50471",0.5269258534535766
"Eaton (WA)","50472",0.9121860070154071
"Eden Hill","50473",0.23797801230102777
"Edgewater","50474",0.2299275400582701
"Eganu","50475",0.4975870712660253
"Eglinton (WA)","50476",0.5326791000552475
"Eighty Mile Beach","50477",0.9913261760957539
"Elabbin","50478",0.6251257474068552
"Elachbutting","50479",0.34609446628019214
"Elgin (WA)","50480",0.09239505603909492
"Elleker","50481",0.6704890173859894
"Ellenbrook","50482",0.00613885628990829
"Ellendale (WA)","50483",0.2551672866102308
"Embleton","50484",0.26642502727918327
"Emu Flat (WA)","50485",0.6516395795624703
"Emu Point","50486",0.03636762988753617
"Eneabba","50487",0.6323631147388369
"Ennuin","50488",0.1633317277301103
"Eradu","50489",0.9231869643554091
"Eradu South","50490",0.17967354971915483
"Erskine (WA)","50491",0.08517733472399414
"Esperance","50492",0.1607286250218749
"Etmilyn","50493",0.4345052868593484
"Eucla","50494",0.2483823283109814
"Eurardy","50495",0.05388911324553192
"Ewlyamartup","50496",0.43814555648714304
"Exmouth","50497",0.9851240841671824
"Exmouth Gulf","50498",0.3638802811037749
"Fairbridge","50499",0.8335466834250838
"Falcon","50500",0.2784623948391527
"Ferguson (WA)","50501",0.6640129198785871
"Ferndale (WA)","50502",0.8518283409066498
"Feysville","50503",0.9945067220833153
"Fimiston","50504",0.7445748718455434
"Finucane","50505",0.07648286852054298
"Fitzgerald (WA)","50506",0.49113027658313513
"Fitzgerald River National Park","50507",0.2701210416853428
"Fitzroy Crossing","50508",0.9744914476759732
"Flint","50509",0.9064299280289561
"Floreat","50510",0.701742785051465
"Flynn (WA)","50511",0.45563895138911903
"Forest Grove (WA)","50512",0.29677958507090807
"Forest Hill (WA)","50513",0.4971659379079938
"Forrest (WA)","50514",0.1152660755906254
"Forrest Beach (WA)","50515",0.20973036740906537
"Forrestania","50516",0.4132256251759827
"Forrestdale","50517",0.6976769373286515
"Forrestfield","50518",0.7435410164762288
"Fortescue (WA)","50519",0.5018354523926973
"Frankland River","50520",0.9931547264568508
"Fraser Range","50521",0.3762967500369996
"Fremantle","50522",0.40851595159620047
"Furnissdale","50523",0.9457885883748531
"Gabalong","50524",0.0037974566221237183
"Gabbadah","50525",0.8257638090290129
"Gabbin","50526",0.5020571192726493
"Gairdner","50527",0.7048470878507942
"Gap Ridge","50528",0.5681922908406705
"Gascoyne Junction","50530",0.7827603402547538
"Gascoyne River","50531",0.9229131569154561
"Geegully Creek","50532",0.3846338128205389
"Gelorup","50533",0.7310042441822588
"Geographe","50534",0.9174266022164375
"Georgina (WA)","50535",0.42647439637221396
"Geraldton","50536",0.6941115139052272
"Ghooli","50537",0.22092861286364496
"Gibb","50538",0.2588852816261351
"Gibson","50539",0.8136379029601812
"Gibson Desert North","50540",0.8361068842932582
"Gibson Desert South","50541",0.07631049980409443
"Gidgegannup","50542",0.10689491429366171
"Gilgering","50543",0.5085542143788189
"Gillimanning","50544",0.044137289049103856
"Gillingarra","50545",0.6519012053031474
"Gilroyd","50546",0.9673881162889302
"Gingerah","50547",0.9135420662350953
"Gingin","50548",0.41648599226027727
"Ginginup","50549",0.7633081781677902
"Girrawheen","50550",0.38945571798831224
"Gledhow","50551",0.13908653473481536
"Glen Forrest","50552",0.5772379890549928
"Glen Iris (WA)","50553",0.3856709704268724
"Glen Mervyn","50554",0.19721956714056432
"Glencoe (WA)","50555",0.8068163634743541
"Glendalough","50556",0.6149149911943823
"Glenfield (WA)","50557",0.1744154249317944
"Glenlynn","50558",0.8288907706737518
"Glenoran","50559",0.14927660790272057
"Glentromie","50560",0.053696779534220695
"Gnangara","50561",0.20647994498722255
"Gnarabup","50562",0.2398751142900437
"Gnoorea","50563",0.4422968460712582
"Gnowangerup","50564",0.1866544564254582
"Gnowellen","50565",0.4750415072776377
"Golden Bay","50566",0.7683914448134601
"Goode Beach","50567",0.6424653802532703
"Goodlands","50568",0.04320849967189133
"Goomalling","50569",0.6867142654955387
"Goomarin","50570",0.9697484080679715
"Gooseberry Hill","50571",0.9736607796512544
"Gorge Rock","50572",0.40107347164303064
"Gorrie","50573",0.27855059038847685
"Gosnells","50574",0.8317215419374406
"Gracetown","50575",0.5858690158929676
"Granville (WA)","50576",0.4997191794682294
"Grass Patch","50577",0.7955473109614104
"Grass Valley","50578",0.04649326507933438
"Green Head","50579",0.4616913287900388
"Green Range","50580",0.11614079982973635
"Green Valley (WA)","50581",0.2490054490044713
"Greenbushes","50582",0.6723997180815786
"Greenfields","50583",0.013199185719713569
"Greenhills","50584",0.2836571710649878
"Greenmount (WA)","50585",0.24301421362906694
"Greenough","50586",0.8368604625575244
"Greenwood (WA)","50587",0.6593726568389684
"Greenwoods Valley","50588",0.7295201339293271
"Gregory (WA)","50589",0.6533742942847311
"Grey","50590",0.44845092738978565
"Greys Plain","50591",0.8770215639378875
"Grimwade","50592",0.3441139222122729
"Guilderton","50593",0.9409923660568893
"Guildford (WA)","50594",0.2175095716957003
"Gundaring","50595",0.5288199863862246
"Gunyidi","50596",0.18292196397669613
"Gutha","50597",0.6878258073702455
"Gwambygine","50598",0.7463873373344541
"Gwelup","50599",0.5706005769316107
"Gwindinup","50600",0.5701187662780285
"Hacketts Gully","50601",0.22306494368240237
"Halls Creek (WA)","50602",0.125349786831066
"Halls Head","50603",0.881009308854118
"Hamel","50604",0.555724932346493
"Hamelin Bay","50605",0.5837403596378863
"Hamelin Pool","50606",0.32901217928156257
"Hamersley","50607",0.2373201826121658
"Hamersley Range","50608",0.19123632204718888
"Hamilton Hill","50609",0.7314742454327643
"Hammond Park","50610",0.18415490491315722
"Hannans","50611",0.9729589005000889
"Harris River","50612",0.6481827343814075
"Harrisdale","50613",0.8561486233957112
"Harrismith","50614",0.8577903937548399
"Harvey","50615",0.32860936876386404
"Hastings (WA)","50616",0.013107993407174945
"Hatter Hill","50617",0.5281517887488008
"Hay (WA)","50618",0.9805077291093767
"Haynes","50619",0.5855034063570201
"Hazelmere","50620",0.9021756728179753
"Hazelvale","50621",0.848967996193096
"Heathridge","50622",0.6185504831373692
"Helena Valley","50623",0.9974503687117249
"Henderson","50624",0.18562699994072318
"Henley Brook","50625",0.08482946851290762
"Henty (WA)","50626",0.3723631741013378
"Herdsman","50627",0.4067634504754096
"Herne Hill (WA)","50628",0.03358571999706328
"Herron","50629",0.5189979660790414
"Hester","50630",0.32346053374931216
"Hester Brook","50631",0.6161686619743705
"Higginsville","50632",0.1086619773413986
"High Wycombe","50633",0.14761825161986053
"Highbury (WA)","50634",0.13624902768060565
"Highgate (WA)","50635",0.14580780849792063
"Hilbert","50636",0.7377734915353358
"Hill River (WA)","50637",0.8486676532775164
"Hillarys","50638",0.5195806056726724
"Hillman","50639",0.3863319407682866
"Hillside (WA)","50640",0.12229080684483051
"Hilton (WA)","50641",0.668989744503051
"Hindmarsh (WA)","50642",0.5118516448419541
"Hines Hill","50643",0.018802658887580037
"Hithergreen","50644",0.6871831445023417
"Hocking","50645",0.8246469949372113
"Hoddys Well","50646",0.67504428839311
"Hoffman","50647",0.042643955908715725
"Holleton","50648",0.6743759966921061
"Holmwood","50649",0.6981565491296351
"Holt Rock","50650",0.8399010496214032
"Holyoake","50651",0.580302401445806
"Hope Valley (WA)","50652",0.15018472354859114
"Hopeland (WA)","50653",0.827227670699358
"Hopetoun (WA)","50654",0.45881393016315997
"Horrocks","50655",0.8036496299318969
"Hovea","50657",0.32440499076619744
"Howatharra","50658",0.8750096480362117
"Howick (WA)","50659",0.04488607635721564
"Hulongine","50660",0.6054699600208551
"Huntingdale (WA)","50661",0.19724971940740943
"Hyden","50662",0.6633156896568835
"Ikewa","50663",0.11148830619640648
"Iluka (WA)","50664",0.8645600320305675
"Indee","50665",0.2622525030747056
"Inggarda","50666",0.43941559782251716
"Inglehope","50667",0.9735313693527132
"Inglewood (WA)","50668",0.7060712531674653
"Inkpen","50669",0.3585725568700582
"Innaloo","50670",1.0718218982219696e-4
"Innawanga","50671",0.8994975301902741
"Irishtown (WA)","50672",0.6400627112016082
"Irrunytju","50673",0.5573473719414324
"Irwin","50674",0.7894917265512049
"Israelite Bay","50675",0.39664348657242954
"Isseka","50676",0.684399537043646
"Jackitup","50677",0.2506242315284908
"Jacup","50678",0.19392993045039475
"Jalbarragup","50679",0.42892299918457866
"Jaloran","50680",0.5338988909497857
"Jandabup","50681",0.272636842681095
"Jandakot","50682",0.8032476652879268
"Jane Brook","50683",0.43617029767483473
"Jardee","50684",0.3741223413962871
"Jarlmadangah Burru","50685",0.9444934872444719
"Jarrahdale","50686",0.5996712385676801
"Jarrahwood","50687",0.9704216821119189
"Jelcobine","50688",0.6953371530398726
"Jennacubbine","50689",0.13405673974193633
"Jennapullin","50690",0.1848921834025532
"Jerdacuttup","50691",0.803579902742058
"Jerramungup","50692",0.3710622494108975
"Jibberding","50693",0.8359873979352415
"Jigalong","50694",0.8004189301282167
"Jilakin","50695",0.6790903657674789
"Jindalee (WA)","50696",0.6017288106959313
"Jindong","50697",0.8309482941403985
"Jingalup","50698",0.79351702099666
"Jitarning","50699",0.93718465231359
"Jolimont","50700",0.5771183292381465
"Joondalup","50701",0.01977048721164465
"Joondanna","50702",0.7950649631675333
"Julimar","50703",0.9638191713020205
"Juna Downs","50704",0.5103677702136338
"Jurien Bay","50705",0.6570588310714811
"Kadathinni","50706",0.7106495772022754
"Kalamunda","50707",0.97412358247675
"Kalannie","50708",0.3111757973674685
"Kalbarri","50709",0.06458960566669703
"Kalbarri National Park","50710",0.608587438473478
"Kalgan","50711",0.15891997376456857
"Kalgoorlie","50712",0.6065278465393931
"Kalgup","50713",0.2770598344504833
"Kallaroo","50714",0.6798727940768003
"Kaloorup","50715",0.3890317948535085
"Kalumburu","50716",0.3870819981675595
"Kambalda East","50717",0.763413610868156
"Kambalda West","50718",0.4339388511143625
"Kangaroo Gully","50719",0.42908926378004253
"Kanowna","50720",0.9716363986954093
"Kanpa","50721",0.1976960706524551
"Karakin","50722",0.7244750750251114
"Karalundi","50723",0.9825917258858681
"Karawara","50724",0.8003230744507164
"Kardinya","50725",0.9899770978372544
"Karijini","50726",0.8233390911482275
"Karlgarin","50727",0.8957253010012209
"Karlkurla","50728",0.38848608266562223
"Karloning","50729",0.5407423463184386
"Karloo","50730",0.012511454289779067
"Karnup","50731",0.16677962942048907
"Karragullen","50732",0.9472532069776207
"Karrakatta","50733",0.009092760505154729
"Karrakup","50734",0.621893716044724
"Karramindie","50735",0.5087507625576109
"Karranadgin","50736",0.9214117692317814
"Karratha","50737",0.4777462261263281
"Karratha Industrial Estate","50738",0.45570011739619076
"Karridale","50739",0.06851035170257092
"Karrinyup","50740",0.41898681758902967
"Karroun Hill","50741",0.6292723973747343
"Katanning","50742",0.18987936084158719
"Katrine","50743",0.44437798159196973
"Kauring","50744",0.8756575649604201
"Kealy","50745",0.02949349000118673
"Kebaringup","50746",0.9211596103850752
"Kellerberrin","50747",0.29259753529913723
"Kelmscott","50748",0.44211623002775013
"Kendenup","50749",0.5032161192502826
"Kenmare (WA)","50750",0.3202702400740236
"Kennedy Range","50751",0.5592735696118325
"Kensington (WA)","50752",0.10613023792393506
"Kentdale","50753",0.10169246979057789
"Kenwick","50754",0.20480018039233983
"Keralup","50755",0.7971546703483909
"Kewdale","50756",0.8596764316316694
"Keysbrook","50757",0.15970201045274734
"Kiara","50758",0.5643992859404534
"Kimbolton (WA)","50759",0.7851255054119974
"King Leopold Ranges","50760",0.4681223966181278
"King River","50761",0.7008030184078962
"Kings Park (WA)","50762",0.2588018060196191
"Kingsford (WA)","50763",0.27729261573404074
"Kingsley","50764",0.43298859242349863
"Kingston (WA)","50765",0.4206362913828343
"Kinross","50766",0.6590871477965266
"Kirk Rock","50767",0.7519925062078983
"Kirup","50768",0.03593254880979657
"Kojaneerup South","50769",0.5187894348055124
"Kojarena","50770",0.48696462204679847
"Kojonup","50771",0.4650450909975916
"Kokeby","50772",0.7569929633755237
"Kondinin","50773",0.07219344819895923
"Kondut","50774",0.09394152485765517
"Konnongorring","50775",0.7323440958280116
"Koojan","50776",0.0772966027725488
"Kookynie","50777",0.8327978875022382
"Koolanooka","50778",0.6970218101050705
"Koolyanobbing","50779",0.8917148790787905
"Koomberkine","50780",0.7312049234751612
"Koondoola","50781",0.38120950548909605
"Koongamia","50782",0.42463020980358124
"Koorda","50783",0.6013560541905463
"Korbel","50784",0.9074453064240515
"Kordabup","50785",0.9584584068506956
"Korrelocking","50786",0.7106253786478192
"Kronkup","50787",0.7443482792004943
"Kudardup","50788",0.18966252682730556
"Kuender","50789",0.9333663263823837
"Kukerin","50790",0.43335996102541685
"Kulikup","50791",0.9403775529935956
"Kulin","50792",0.053825871320441365
"Kulin West","50793",0.5052961558103561
"Kulja","50794",0.47735561872832477
"Kumarina","50795",0.24994047032669187
"Kundat Djaru","50796",0.45071075460873544
"Kunjin","50797",0.08741737762466073
"Kununoppin","50798",0.07248437567614019
"Kununurra","50799",0.8313904332462698
"Kupartiya","50800",0.06322590075433254
"Kurnalpi","50801",0.51310970983468
"Kurrenkutten","50802",0.14361796574667096
"Kweda","50803",0.009087960235774517
"Kwelkan","50804",0.6739626347552985
"Kwinana Beach","50805",0.8775248373858631
"Kwinana Town Centre","50806",0.163773751584813
"Kwolyin","50807",0.05696549848653376
"Lagrange","50808",0.6606809822842479
"Lake Argyle","50809",0.47387551376596093
"Lake Austin","50810",0.9013679560739547
"Lake Biddy","50811",0.994049375411123
"Lake Brown","50812",0.37929584295488894
"Lake Camm","50813",0.6996773525606841
"Lake Carnegie","50814",0.009492277866229415
"Lake Clifton","50815",0.6004499236587435
"Lake Coogee","50816",0.6734990929253399
"Lake Darlot","50817",0.23649558145552874
"Lake Deborah","50818",0.5998673487920314
"Lake Grace","50819",0.6837435050401837
"Lake Hinds","50820",0.008972765179350972
"Lake Jasper","50821",0.848914056783542
"Lake King","50822",0.9217019451316446
"Lake Margarette","50823",0.4120651655830443
"Lake Muir","50824",0.24138259142637253
"Lake Ninan","50825",0.01535361958667636
"Lake Toolbrunup","50826",0.2538671321235597
"Lake Wells","50827",0.2233064090833068
"Lakelands (WA)","50828",0.6160495996009558
"Lamington (WA)","50829",0.16964613809250295
"Lancelin","50830",0.43084548762999475
"Landsdale","50831",0.46885470673441887
"Lange","50832",0.03885698225349188
"Langford","50833",0.6862688609398901
"Latham (WA)","50834",0.5241745361126959
"Lathlain","50835",0.04798621917143464
"Laverton (WA)","50836",0.9428455193992704
"Learmonth (WA)","50837",0.1701948728878051
"Leda","50838",0.5091207004152238
"Ledge Point","50839",0.10139787895604968
"Leederville","50840",0.9207362006418407
"Leeman","50841",0.8311092366930097
"Leeming","50842",0.5013421650510281
"Leeuwin","50843",0.9179688044823706
"Leinster","50844",0.027673570439219475
"Lennard Brook","50845",0.45654887589626014
"Leonora","50846",0.8216422090772539
"Leschenault","50847",0.351703581167385
"Lesley","50848",0.6042478056624532
"Lesmurdie","50849",0.5123631216119975
"Lexia","50850",0.14317206153646111
"Lime Lake","50851",0.10589014692232013
"Linfarne","50852",0.9794097044505179
"Little Grove","50853",0.29761687316931784
"Little Italy","50854",0.9896310311742127
"Little Sandy Desert","50855",0.31736646941863
"Lockier","50856",0.3571751907002181
"Lockridge","50857",0.03878701385110617
"Lockyer (WA)","50858",0.9928011882584542
"Lol Gray","50859",0.3977485268842429
"Londonderry (WA)","50860",0.7367869988083839
"Lort River","50861",0.5448319886345416
"Lowden","50862",0.07064694166183472
"Lower Chittering","50863",0.4360656482167542
"Lower Hotham","50864",0.5568366243969649
"Lower King","50865",0.9234077606815845
"Lowlands","50866",0.9695508766453713
"Ludlow","50867",0.8841955389361829
"Lumeah (WA)","50868",0.7838948329444975
"Lyalls Mill","50869",0.5315107826609164
"Lyndon","50870",0.6794801799114794
"Lynwood (WA)","50871",0.04444379475899041
"Macleod (WA)","50872",0.06603509397245944
"Maddington","50873",0.34126638737507164
"Madeley","50874",0.7701807706616819
"Madora Bay","50875",0.03206807328388095
"Madura","50876",0.3403171640820801
"Magenta (WA)","50877",0.5824852425139397
"Magitup","50878",0.5991650251671672
"Mahogany Creek","50879",0.4839537893421948
"Mahomets Flats","50880",0.4351076583843678
"Maida Vale","50881",0.03381680860184133
"Maitland (WA)","50882",0.5193430606741458
"Malabaine","50883",0.5957853859290481
"Malaga","50884",0.6079536795150489
"Malebelling","50885",0.6075325971469283
"Mallee Hill","50886",0.47513558459468186
"Malmalling","50887",0.9665283225476742
"Malyalling","50888",0.042607138166204095
"Mandogalup","50889",0.14851771760731936
"Mandurah","50890",0.8835108275525272
"Manjimup","50891",0.665825838688761
"Manmanning","50892",0.2492601005360484
"Manning","50893",0.6789950900711119
"Mantamaru","50894",0.9148395750671625
"Manypeaks","50895",0.6496255174279213
"Marangaroo","50896",0.48038658360019326
"Maranup","50897",0.8225876179058105
"Marbelup","50898",0.6360807451419532
"Marble Bar","50899",0.45190225215628743
"Marchagee","50900",0.06395022594369948
"Mardella","50901",0.9404780883342028
"Mardie","50902",0.6686518613714725
"Margaret River (WA)","50903",0.8642587459180504
"Mariginiup","50904",0.8102290325332433
"Marmion","50905",0.2460069057997316
"Marne","50906",0.6302206376567483
"Marracoonda","50907",0.5375596201047301
"Marradong","50908",0.9407643848098814
"Marrah","50909",0.18880446697585285
"Marrinup","50910",0.12643362628296018
"Martin","50911",0.9756850867997855
"Marvel Loch","50912",0.61085947859101
"Marybrook","50913",0.02187269809655845
"Massey Bay","50914",0.6031173798255622
"Maya","50915",0.731044924352318
"Mayanup","50916",0.9987318986095488
"Maylands (WA)","50917",0.11716275895014405
"McAlinden","50918",0.2675750807393342
"McBeath","50919",0.6979367760941386
"McKail","50920",0.10037848143838346
"Meadow","50921",0.5344463009387255
"Meadow Springs","50922",0.30524056777358055
"Meckering","50923",0.8370527506340295
"Meda","50924",0.20776044391095638
"Medina","50925",0.8409013845957816
"Meekatharra","50926",0.7653804102446884
"Meeking","50927",0.6684933474753052
"Meelon","50928",0.0400996427051723
"Meenaar","50929",0.2274432573467493
"Meerup","50930",0.292422185651958
"Melaleuca","50931",0.15538802230730653
"Melville (WA)","50932",0.8092375928536057
"Menora","50933",0.5727643615100533
"Menzies (WA)","50934",0.5421174864750355
"Merilup","50935",0.0052475715056061745
"Merivale","50936",0.08528160955756903
"Merkanooka","50937",0.11145998816937208
"Merredin","50938",0.4530584686435759
"Merriwa (WA)","50939",0.05108384904451668
"Meru","50940",0.5106353599112481
"Metricup","50941",0.4357882442418486
"Mettler","50942",0.9011053717695177
"Miamoon","50943",0.7348795533180237
"Middle Swan","50944",0.40171473985537887
"Middlesex (WA)","50945",0.8798280528280884
"Middleton Beach","50946",0.4758876918349415
"Midland","50947",0.5107236115727574
"Midvale","50948",0.07264558598399162
"Miling","50949",0.6319974807556719
"Millars Well","50950",0.2502936418168247
"Millbridge","50951",0.2100860036443919
"Millbrook (WA)","50952",0.5728703043423593
"Millendon","50953",0.6947374900337309
"Mills Lake","50954",0.474367885151878
"Millstream (WA)","50955",0.9756107609719038
"Milo","50956",0.08440480893477798
"Milpara","50957",0.3436065607238561
"Mimegarra","50958",0.1871566972695291
"Mindarabin","50959",0.4435602519661188
"Mindarie (WA)","50960",0.10450872872024775
"Mindarra","50961",0.7160318945534527
"Minding","50962",0.9871974093839526
"Mingenew","50963",0.7584593812935054
"Minigin","50964",0.1161144447978586
"Minilya","50965",0.7307562646456063
"Minnenooka","50966",0.7046851029153913
"Minnivale","50967",0.6504752514883876
"Minyirr","50968",0.37806445523165166
"Mira Mar","50969",0.9454270508140326
"Mirrabooka (WA)","50970",0.1713289157487452
"Mitchell Plateau","50971",0.4144832519814372
"Mobrup","50972",0.83191380626522
"Mocardy","50973",0.3124485150910914
"Mogumber","50974",0.07310104300267994
"Mokine","50975",0.5841791871935129
"Mokup","50976",0.8985656248405576
"Mollerin","50977",0.3074204456061125
"Molloy Island","50978",0.17271600244566798
"Monjebup","50979",0.9343559946864843
"Monjingup","50980",0.2107368097640574
"Moodiarrup","50981",0.21764225838705897
"Moojebing","50982",0.3798114084638655
"Mooliabeenee","50983",0.4746782423462719
"Moondah","50984",0.5134159924928099
"Moondyne","50985",0.9866663659922779
"Moonies Hill","50986",0.41951303859241307
"Moonyoonooka","50987",0.5597431992646307
"Moora (WA)","50988",0.7468147312756628
"Moore River National Park","50989",0.7738784227985889
"Mooriary","50990",0.24281084816902876
"Moorine Rock","50991",0.8332691993564367
"Morangup","50992",0.14045681292191148
"Morawa","50993",0.16772888600826263
"Morbinning","50994",0.915948246140033
"Mordalup","50995",0.46983113419264555
"Moresby (WA)","50996",0.06020013499073684
"Morgantown","50997",0.537246186984703
"Morley","50998",0.2720536154229194
"Mornington (WA)","50999",0.35456509981304407
"Mosman Park (WA)","51000",0.8227567747235298
"Moulyinning","51001",0.25066291098482907
"Mount Adams","51002",0.1345232657622546
"Mount Anketell","51003",0.9468460017815232
"Mount Barker (WA)","51004",0.18819923466071486
"Mount Budd","51005",0.8260135557502508
"Mount Burges","51006",0.32254996383562684
"Mount Caroline","51007",0.8131969750393182
"Mount Claremont","51008",0.9908616268076003
"Mount Clarence","51009",0.3618850780185312
"Mount Elphinstone","51010",0.2731892124284059
"Mount Erin","51011",0.8368595722131431
"Mount Hampton","51012",0.056968240765854716
"Mount Hardey","51013",0.7619742371607572
"Mount Hardman","51014",0.33786600828170776
"Mount Hawthorn","51015",0.5527598799671978
"Mount Helena","51016",0.05198496882803738
"Mount Hill","51017",0.7123241575900465
"Mount Holland","51018",0.017069772584363818
"Mount Horner","51019",0.38512712018564343
"Mount Jackson","51020",0.5981254281941801
"Mount Lawley","51021",0.2748983879573643
"Mount Lindesay (WA)","51022",0.3505105534568429
"Mount Madden","51023",0.2352321045473218
"Mount Magnet","51024",0.5325121039059013
"Mount Melville","51025",0.9665626804344356
"Mount Nasura","51026",0.4587670515757054
"Mount Ney","51027",0.2934624950867146
"Mount Observation (WA)","51028",0.5961760426871479
"Mount Palmer","51029",0.553709102794528
"Mount Pleasant (WA)","51030",0.2846445452887565
"Mount Richon","51031",0.48768936935812235
"Mount Romance","51032",0.3247060473076999
"Mount Sheila","51033",0.555374861927703
"Mount Sheridan (WA)","51034",0.1829633384477347
"Mount Stirling","51035",0.5277536758221686
"Mount Tarcoola","51036",0.5378391589038074
"Mount Walker (WA)","51037",0.5000565564259887
"Mount Wells","51038",0.7103936513885856
"Mouroubra","51039",0.8676051155198365
"Muchea","51040",0.5659680869430304
"Muckenburra","51041",0.29691717703826725
"Mueller Ranges","51042",0.6768173573073
"Muja","51043",0.06396762584336102
"Mukinbudin","51044",0.3794925012625754
"Mulataga","51045",0.8758737458847463
"Mulga Downs","51046",0.34783981111831963
"Mullaloo","51047",0.22185760480351746
"Mullalyup","51048",0.5460122339427471
"Mullewa","51049",0.10650671343319118
"Mullingar","51050",0.06888668611645699
"Muluckine","51051",0.4528645593672991
"Mumballup","51052",0.8880724720656872
"Mumberkine","51053",0.02057804400101304
"Mundabullangana","51054",0.8982598951552063
"Mundaring","51055",0.7732563558965921
"Mundijong","51056",0.04322191560640931
"Mundrabilla","51057",0.07919443678110838
"Mungalup","51058",0.4217462872620672
"Munglinup","51059",0.7487408681772649
"Munster","51060",0.2643696765881032
"Muntadgin","51061",0.8235578304156661
"Muradup","51062",0.5321422691922635
"Murchison (WA)","51063",0.7750329303089529
"Murdoch","51064",0.4065606377553195
"Murdong","51065",0.8815729406196624
"Muresk","51066",0.1835083558689803
"Myalup","51067",0.7017351144459099
"Myara","51068",0.7054297835566103
"Myaree","51069",0.3117213607765734
"Myrup","51070",0.36158718541264534
"Nabawa","51071",0.9400638560764492
"Nairibin","51072",0.4047463107854128
"Nalkain","51073",0.846289100823924
"Nalyerlup","51074",0.9677129075862467
"Namban","51075",0.29024491854943335
"Nambeelup","51076",0.875380837591365
"Nambung","51077",0.5980022244621068
"Nanarup","51078",0.4676165010314435
"Nanga","51079",0.34779426525346935
"Nanga Brook","51080",0.24939430691301823
"Nangeenan","51081",0.5377829875797033
"Nangetty","51082",0.5911135852802545
"Nannup","51083",0.9146494141314179
"Nanson","51084",0.8638299177400768
"Nanutarra","51085",0.14561649481765926
"Napier","51086",0.14605903415940702
"Naraling","51087",0.9066485951188952
"Narembeen","51088",0.7585705874953419
"Narngulu","51089",0.08788901893422008
"Narra Tarra","51090",0.5432095497380942
"Narraloggan","51091",0.9729756519664079
"Narrikup","51092",0.9296611458994448
"Narrogin","51093",0.7291980574373156
"Narrogin Valley","51094",0.08075645938515663
"Naturaliste","51095",0.5835392540320754
"Naval Base","51096",0.5225815165322274
"Neale","51097",0.06451970641501248
"Nedlands","51098",0.4939258391968906
"Needilup","51099",0.5424331044778228
"Neendaling","51100",0.8322626778390259
"Neerabup","51101",0.8969836344476789
"Neergabby","51102",0.9184929099865258
"Nembudding","51103",0.7011638625990599
"Neridup","51104",0.49540107627399266
"Nerramyne","51105",0.6356590946670622
"Nerren Nerren","51106",0.5873185433447361
"New Norcia","51107",0.17326440708711743
"Newcarlbeon","51108",0.5832903042901307
"Newdegate","51109",0.398944218410179
"Newlands (WA)","51110",0.7990222556982189
"Newman","51111",0.6597304048482329
"Ngaanyatjarra-Giles","51112",0.4624312873929739
"Nickol","51113",0.9803746580146253
"Nilgen","51114",0.7711893739178777
"Nillup","51115",0.3670324932318181
"Ningaloo","51116",0.4443955756723881
"Nippering","51117",0.602291687624529
"Nirimba (WA)","51118",0.04367662128061056
"Noggerup","51119",0.9851120405364782
"Nokaning","51120",0.3089376646094024
"Nolba","51121",0.18495237361639738
"Nollamara","51122",0.5211090543307364
"Nomans Lake","51123",0.15901897940784693
"Noranda","51124",0.2227632412686944
"Nornalup","51125",0.6949229233432561
"Norpa","51126",0.3883014116436243
"Norseman","51127",0.21961260284297168
"North Baandee","51128",0.31572515424340963
"North Bannister","51129",0.5177481016144156
"North Beach (WA)","51130",0.37828540499322116
"North Bodallin","51131",0.25158934760838747
"North Boyanup","51132",0.8995782709680498
"North Burngup","51133",0.5834152325987816
"North Cascade","51134",0.4581953550223261
"North Coogee","51135",0.9150277897715569
"North Dandalup","51136",0.3863352646585554
"North Eradu","51137",0.5993142803199589
"North Fremantle","51138",0.4563932840246707
"North Greenbushes","51139",0.5195966470055282
"North Jindong","51140",0.37812577350996435
"North Kellerberrin","51141",0.7155283924657851
"North Kukerin","51142",0.697426569648087
"North Kununoppin","51143",0.27641007397323847
"North Lake","51144",0.3212112917099148
"North Lake Grace","51145",0.2940921934787184
"North Moulyinning","51146",0.4638794327620417
"North Perth","51147",0.15146028017625213
"North Plantations","51148",0.44406557944603264
"North Stirlings","51149",0.9082117637153715
"North Tammin","51150",0.5732399059925228
"North Trayning","51151",0.49196856492199004
"North Walpole","51152",0.8934766186866909
"North West Cape","51153",0.9989864754024893
"North Wialki","51154",0.6286059955600649
"North Yelbeni","51155",0.4344142065383494
"North Yunderup","51156",0.21194126969203353
"Northam","51157",0.4889884851872921
"Northampton","51158",0.7881720110308379
"Northbridge (WA)","51159",0.1871437116060406
"Northcliffe","51160",0.9953609954100102
"Northern Gully","51161",0.36590547394007444
"Nowergup","51162",0.7246543308719993
"Nugadong","51163",0.22705721203237772
"Nukarni","51164",0.8119164980016649
"Nullagine","51165",0.9217175205703825
"Nullaki","51166",0.19464222132228315
"Nulsen","51167",0.3899366008117795
"Nungarin","51168",0.007192007498815656
"Nunierra","51169",0.32350713526830077
"Nunile","51170",0.5906120690051466
"Nyabing","51171",0.031786648789420724
"O'Connor (WA)","51172",0.2585852690972388
"Oakajee","51173",0.9367526874411851
"Oakford","51174",0.40996205201372504
"Ocean Beach","51175",0.7883500144816935
"Ocean Reef","51176",0.3112888722680509
"Ogilvie","51177",0.15678544202819467
"Old Plains","51178",0.1052583681885153
"Oldbury","51179",0.5211667732801288
"Ongerup","51180",0.2659339550882578
"Onslow","51181",0.7556889513507485
"Oombulgurri","51182",0.7555466936901212
"Ora Banda","51183",0.5866822842508554
"Orana","51184",0.5327695966698229
"Orange Grove (WA)","51185",0.7247140440158546
"Orange Springs","51186",0.3672378312330693
"Orchid Valley","51187",0.033713111421093345
"Ord River","51188",0.20764273265376687
"Orelia","51189",0.37436528131365776
"Osborne Park","51190",0.48521146550774574
"Osmington","51191",0.7381233705673367
"Padbury","51192",0.3743860723916441
"Palgarup","51193",0.8023314976599067
"Pallinup","51194",0.5577552965842187
"Palmdale (WA)","51195",0.7465104311704636
"Palmer (WA)","51196",0.3147779111750424
"Palmyra (WA)","51197",0.9376427589450032
"Pannawonica","51198",0.7968640967737883
"Pantapin","51199",0.7879890024196357
"Papulankutja","51200",0.21858127461746335
"Paraburdoo","51201",0.8903110844548792
"Paradise (WA)","51202",0.463880360359326
"Pardoo","51203",0.3337839019950479
"Parker Range","51204",0.8835523431189358
"Parkerville","51205",0.40102961217053235
"Parkeston","51206",0.8942243636120111
"Parkfield","51207",0.5510715034324676
"Parklands (WA)","51208",0.2975943540222943
"Parkwood (WA)","51209",0.7505418343935162
"Parmelia","51210",0.8772724855225533
"Parryville","51211",0.9234957040753216
"Patjarr","51212",0.12210103590041399
"Paulls Valley","51213",0.8271333647426218
"Paynedale","51214",0.47347404062747955
"Paynes Find","51215",0.6102361234370619
"Paynesville (WA)","51216",0.9661807047668844
"Peaceful Bay","51217",0.9713509785942733
"Peak Hill (WA)","51218",0.8568154664244503
"Pearsall","51219",0.16422531194984913
"Peedamulla","51220",0.8303570852149278
"Peerabeelup","51221",0.5700500863604248
"Pegs Creek","51222",0.43474212451837957
"Pelican Point (WA)","51223",0.37868445343337953
"Pemberton","51224",0.309781450079754
"Peppermint Grove","51225",0.9071645194198936
"Peppermint Grove Beach","51226",0.6063628494739532
"Perenjori","51227",0.6017257736530155
"Perillup","51228",0.42723703663796186
"Peron","51229",0.8987843729555607
"Perth (WA)","51230",0.4842699298169464
"Perth Airport","51231",0.13730241893790662
"Perup","51232",0.06897513242438436
"Petrudor","51233",0.2730099936015904
"Piara Waters","51234",0.4915860507171601
"Piawaning","51235",0.6520310139749199
"Piccadilly (WA)","51236",0.4041438400745392
"Pickering Brook","51237",0.3043857328593731
"Picton (WA)","51238",0.9560161086264998
"Picton East","51239",0.5210721441544592
"Piesse Brook","51240",0.5146105152089149
"Piesseville","51241",0.8256152840331197
"Pindar","51242",0.10506595042534173
"Pingaring","51243",0.06378423981368542
"Pingelly","51244",0.55435353028588
"Pingrup","51245",0.19169415766373277
"Pinjar","51246",0.6947345701046288
"Pinjarra","51247",0.6854291777126491
"Pink Lake","51248",0.7870125288609415
"Pintharuka","51249",0.6717193892691284
"Pinwernying","51250",0.39798685582354665
"Pippingarra","51251",0.9940378952305764
"Pithara","51252",0.16938832169398665
"Plumridge Lakes","51253",0.9325536317192018
"Point Samson","51254",0.5779419597238302
"Popanyinning","51255",0.8230268855113536
"Porongurup","51256",0.807384830666706
"Port Albany","51257",0.11620217585004866
"Port Denison","51258",0.2119915767107159
"Port Hedland","51259",0.328232757281512
"Port Kennedy","51260",0.0037120552733540535
"Postans","51261",0.9230691157281399
"Preston Beach","51262",0.4179702722467482
"Preston Settlement","51263",0.5102147948928177
"Prevelly","51264",0.9211314867716283
"Prince Regent River","51265",0.5888267878908664
"Pumphreys Bridge","51266",0.039985701674595475
"Purnululu","51267",0.7443713981192559
"Quairading","51268",0.2148768394254148
"Qualeup","51269",0.9581770277582109
"Quedjinup","51270",0.04902628902345896
"Queens Park (WA)","51271",0.5475734514184296
"Queenwood","51272",0.2583809189964086
"Quelagetting","51273",0.1484123661648482
"Quellington","51274",0.6302569252438843
"Quindalup","51275",0.4660227366257459
"Quindanning","51276",0.12431758968159556
"Quinninup","51277",0.8826854890212417
"Quinns Rocks","51278",0.6618033468257636
"Ranford","51279",0.9086992756929249
"Rangeway","51280",0.33693693159148097
"Ravensthorpe","51281",0.16277064033783972
"Ravenswood (WA)","51282",0.31569376308470964
"Rawlinna","51283",0.11611239751800895
"Red Gully","51284",0.2067746282555163
"Red Hill (WA)","51285",0.5045159622095525
"Redbank (WA)","51286",0.6255408092401922
"Redcliffe (WA)","51287",0.4862967615481466
"Redgate (WA)","51288",0.5758222742006183
"Redmond","51289",0.4226183716673404
"Redmond West","51290",0.33274797117337584
"Reedy","51291",0.7122176354750991
"Regans Ford","51292",0.9870630961377174
"Reinscourt","51293",0.8319418295286596
"Remlap","51294",0.23800814896821976
"Reservoir (WA)","51295",0.6058270125649869
"Ridgewood (WA)","51296",0.475238561630249
"Ringbark","51297",0.28789875051006675
"Riverton (WA)","51298",0.3847490497864783
"Rivervale","51299",0.2938734239432961
"Robinson","51300",0.49885604646988213
"Rockingham (WA)","51301",0.5503918516915292
"Rocklea (WA)","51302",0.3974077894818038
"Rockwell","51303",0.04378485516645014
"Rocky Gully (WA)","51304",0.8877454716712236
"Roebourne","51305",0.5561578422784805
"Roebuck","51306",0.578302642563358
"Roelands","51307",0.9533647759817541
"Roleystone","51308",0.677089678356424
"Rosa Brook","51309",0.5992085062898695
"Rosa Glen","51310",0.060145989526063204
"Rossmore (WA)","51311",0.9260008696001023
"Rossmoyne","51312",0.1576366643421352
"Rothsay","51313",0.11315783602185547
"Ruabon","51315",0.49464983050711453
"Rudds Gully","51316",0.37096486962400377
"Ryansbrook","51317",0.05860375124029815
"Sabina River","51318",0.3425293071195483
"Safety Bay","51319",0.9519917289726436
"Salmon Gums","51320",0.9040400614030659
"Salter Point","51321",0.8581571883987635
"Samson","51322",0.21866986760869622
"San Remo (WA)","51323",0.7574851303361356
"Sandpatch","51324",0.22307025571353734
"Sandsprings","51325",0.23186165373772383
"Sandstone","51326",0.9851006190292537
"Sandy Gully (WA)","51327",0.8391543324105442
"Sawyers Valley","51328",0.10413640062324703
"Scaddan","51329",0.5147750834003091
"Scarborough (WA)","51330",0.9008768261410296
"Schroeder","51331",0.8299099551513791
"Scotsdale","51332",0.6436438513919711
"Scott River","51333",0.4615544641856104
"Scott River East","51334",0.1307275367435068
"Scotts Brook","51335",0.7171681285835803
"Seabird","51336",0.5738867342006415
"Secret Harbour","51337",0.16052227350883186
"Seppings","51338",0.7219971832819283
"Serpentine (WA)","51339",0.7079776949249208
"Seville Grove","51340",0.9988532296847552
"Shackleton","51341",0.5009285632986575
"Shadforth (WA)","51342",0.5451056687161326
"Shannon (WA)","51343",0.6687726678792387
"Shelley (WA)","51345",0.7302411396522075
"Shenton Park","51346",0.43145039258524776
"Sherlock (WA)","51347",0.8144357984419912
"Shoalwater (WA)","51348",0.588384490692988
"Shotts","51349",0.08438913966529071
"Siesta Park","51350",0.655445151263848
"Silver Sands","51351",0.44660597015172243
"Sinagra","51352",0.8892856554593891
"Sinclair","51353",0.035169965820387006
"Singleton (WA)","51354",0.6099250209517777
"Sir Samuel","51355",0.3053292599506676
"Skeleton Rock","51356",0.9851110803429037
"Smith Brook","51357",0.4012185239698738
"Solus","51358",0.7721765739843249
"Somerville (WA)","51359",0.3629863578826189
"Sorrento (WA)","51360",0.41938715637661517
"South Bodallin","51361",0.07014832040295005
"South Boulder","51362",0.6175877845380455
"South Bunbury","51363",0.07988004689104855
"South Burracoppin","51364",0.33252600650303066
"South Carnarvon","51365",0.1292921961285174
"South Datatine","51366",0.21766019123606384
"South Doodlakine","51367",0.1870790955144912
"South Fremantle","51368",0.8441689237952232
"South Glencoe","51369",0.09406009176746011
"South Greenough","51370",0.5150749669410288
"South Guildford","51371",0.23241141880862415
"South Hedland","51372",0.5925577159505337
"South Kalgoorlie","51373",0.6908728373236954
"South Kukerin","51374",0.5367963074240834
"South Kumminin","51375",0.43206271110102534
"South Kununoppin","51376",0.49729090463370085
"South Lake","51377",0.29676061193458736
"South Lake Grace","51378",0.15193003113381565
"South Murchison","51379",0.7177774619776756
"South Newdegate","51380",0.6080797591712326
"South Perth","51381",0.17878478625789285
"South Plantations","51382",0.6596536627039313
"South Quairading","51383",0.017313579563051462
"South Stirling","51384",0.03210805309936404
"South Tammin","51385",0.632994984742254
"South Trayning","51386",0.024031225591897964
"South Yelbeni","51387",0.28040412021800876
"South Yilgarn","51388",0.6143997034523636
"South Yuna","51389",0.38418643502518535
"South Yunderup","51390",0.6262390974443406
"Southampton (WA)","51391",0.41474181064404547
"Southern Brook","51392",0.7536012150812894
"Southern Cross (WA)","51393",0.596462196437642
"Southern River","51394",0.005222449544817209
"Spalding (WA)","51395",0.9594053183682263
"Spearwood","51396",0.90841004694812
"Spencer Park","51397",0.8218789536040276
"Spencers Brook","51398",0.08902697986923158
"Springfield (WA)","51399",0.06154990685172379
"Springs","51400",0.43475380702875555
"St George Ranges","51401",0.46354845608584583
"St James (WA)","51402",0.6739102965220809
"St Ronans","51403",0.5923036353196949
"Stake Hill","51404",0.010514226276427507
"Stirling (WA)","51405",0.9205699989106506
"Stirling Estate","51406",0.20510321529582143
"Stirling Range National Park","51407",0.16096421680413187
"Stoneville","51408",0.04805226740427315
"Stove Hill","51409",0.02949930401518941
"Strathalbyn (WA)","51410",0.4865912818349898
"Stratham","51411",0.7554694316349924
"Stratherne","51412",0.9516127530951053
"Stratton","51413",0.2598234817851335
"Strelley","51414",0.5821802171412855
"Sturt Creek","51415",0.8115369291044772
"Subiaco","51416",0.34181711496785283
"Success","51417",0.02900069602765143
"Sunnyside (WA)","51418",0.818587924586609
"Sunset Beach","51419",0.027254614047706127
"Swan View","51420",0.6004865907598287
"Swanbourne","51421",0.701655991608277
"Takalarup","51422",0.5216109724715352
"Talandji","51423",0.979259793413803
"Talbot (WA)","51424",0.45625423616729677
"Talbot West","51425",0.294044524198398
"Talgomine","51426",0.9493839603383094
"Talisker","51427",0.3279341219458729
"Tamala","51428",0.8971517612226307
"Tamala Park","51429",0.6882512834854424
"Tambellup","51430",0.30995852896012366
"Tammin","51431",0.9475687546655536
"Tampu","51432",0.22313060844317079
"Tanami (WA)","51433",0.8711265427991748
"Tandegin","51434",0.6547305965796113
"Tapping","51435",0.13914093235507607
"Tarcoola Beach","51436",0.2501811343245208
"Tardun","51437",0.012772297021001577
"Tarin Rock","51438",0.9629897444974631
"Teesdale (WA)","51439",0.3935133242048323
"Telfer","51440",0.6336155119352043
"Tenindewa","51441",0.3314671511761844
"Tenterden (WA)","51442",0.3557023759931326
"The Lakes","51443",0.6596064127516001
"The Plains","51444",0.8651902237907052
"The Spectacles","51445",0.03346753539517522
"The Vines","51446",0.6655073200818151
"Thomson Brook","51447",0.8020898913964629
"Thornlie","51448",0.5610527787357569
"Three Springs","51449",0.252133481670171
"Throssell","51450",0.8028698090929538
"Tibradden","51451",0.7111746859736741
"Tincurrin","51452",0.20383607828989625
"Tingledale","51453",0.1419626132119447
"Tjirrkarli","51454",0.6608822655398399
"Tjukurla","51455",0.5788502325303853
"Tom Price","51456",0.404630733653903
"Tonebridge","51457",0.2859842679463327
"Toodyay","51458",0.5518110108096153
"Toolibin","51459",0.7324544698931277
"Toolonga","51460",0.86965646664612
"Toompup","51461",0.7822057460434735
"Torbay","51462",0.9206372704356909
"Torndirrup","51463",0.24255213513970375
"Townsendale","51464",0.7314628777094185
"Trafalgar (WA)","51465",0.07756489934399724
"Trayning","51466",0.9860975500196218
"Treeby","51467",0.28265050589106977
"Treeton","51468",0.774187796516344
"Trent","51469",0.9127129958942533
"Trigg","51470",0.855320276459679
"Trigwell","51471",0.3234980262350291
"Tuart Hill","51472",0.9932667026296258
"Turkey Hill","51473",0.7473532655276358
"Tutunup","51474",0.18783493689261377
"Two Rocks","51475",0.5404843711294234
"Ucarty","51476",0.47967725759372115
"Ucarty West","51477",0.06314411340281367
"Uduc","51478",0.2713184463791549
"Ularring","51479",0.4802657135296613
"Upper Capel","51480",0.49384264601394534
"Upper Murray","51481",0.45475187874399126
"Upper Swan","51482",0.16082987934350967
"Upper Warren","51483",0.39047273248434067
"Useless Loop","51484",0.4301486434414983
"Usher","51485",0.8379408095497638
"Utakarra","51486",0.5949695932213217
"Vancouver Peninsula","51487",0.41313745523802936
"Varley","51488",0.4478135579265654
"Vasse","51489",0.6395786325447261
"Victoria Park","51490",0.3337298962287605
"Victoria Rock","51491",0.8057716116309166
"Victory Heights (WA)","51492",0.7327973889186978
"Vittoria (WA)","51493",0.44591073552146554
"Viveash","51494",0.5087659666314721
"Wadderin","51495",0.47904157964512706
"Waddington","51496",0.6218279846943915
"Waddy Forest","51497",0.7651299557182938
"Waeel","51498",0.5181208301801234
"Wagerup","51499",0.4364117009099573
"Waggrakine","51500",0.6597715504467487
"Wagin","51501",0.4711975750979036
"Waikiki","51502",0.9526704184245318
"Walebing","51503",0.9912634098436683
"Walgoolan","51504",0.6944735425058752
"Walkaway","51505",0.912184723187238
"Wallareenya","51506",0.580245726974681
"Wallaroo (WA)","51507",0.06091866153292358
"Walliston","51508",0.8064091587439179
"Walmsley","51509",0.13210855005308986
"Walpole","51510",0.9159315493889153
"Walsall","51511",0.5590010026935488
"Walyormouring","51512",0.07026557670906186
"Walyunga National Park","51513",0.01912317075766623
"Walyurin","51514",0.5475220342632383
"Wamenusking","51515",0.8949413863010705
"Wanarn","51516",0.8876731649506837
"Wandana (WA)","51517",0.05441851797513664
"Wandering","51518",0.10795834823511541
"Wandi","51519",0.7270672800950706
"Wandillup","51520",0.42213477683253586
"Wandina","51521",0.16937541123479605
"Wanerie","51522",0.8966460735537112
"Wangara","51523",0.4313210314139724
"Wannamal","51524",0.1288312654942274
"Wannanup","51525",0.015354466391727328
"Wanneroo","51526",0.3624562949407846
"Wansbrough","51527",0.3516898157540709
"Warakurna","51528",0.3894846416078508
"Warawarrup","51529",0.6090657191816717
"Warburton (WA)","51530",0.9730715388432145
"Wardering","51531",0.5770564288832247
"Warding East","51532",0.44421340618282557
"Warmun","51533",0.20820477325469255
"Warnbro","51534",0.5449887111317366
"Warner Glen","51535",0.22115429467521608
"Waroona","51536",0.5767075058538467
"Warrachuppin","51537",0.8466336734127253
"Warradarge","51538",0.20551189640536904
"Warralakin","51539",0.2704227636568248
"Warrenup","51540",0.8865149945486337
"Warwick (WA)","51541",0.8815741508733481
"Waterbank","51542",0.06705151521600783
"Watercarrin","51543",0.8703489392064512
"Waterford (WA)","51544",0.49982556072063744
"Waterloo (WA)","51545",0.27542428276501596
"Watermans Bay","51546",0.710202704416588
"Watheroo","51547",0.9442415612284094
"Wattening","51548",0.7386299117933959
"Wattle Grove (WA)","51549",0.5194665100425482
"Wattleup","51550",0.8386800726875663
"Wattoning","51551",0.5509267190936953
"Webberton","51552",0.7174026209395379
"Wedge Island (WA)","51553",0.07089775730855763
"Wedgecarrup","51554",0.16922632278874516
"Wedgefield","51555",0.7377138996962458
"Welbungin","51556",0.41621708287857473
"Weld Range","51557",0.14679609332233667
"Wellard","51558",0.9231280833482742
"Wellesley (WA)","51559",0.1588610946200788
"Wellington Forest","51560",0.419641433050856
"Wellington Mill","51561",0.2753479874227196
"Wellstead","51562",0.8059453892055899
"Welshpool (WA)","51563",0.9678167155943811
"Wembley","51564",0.6991518863942474
"Wembley Downs","51565",0.6226327151525766
"West Ballidu","51566",0.41209138184785843
"West Beach (WA)","51567",0.47414414724335074
"West Binnu","51568",0.8171630834694952
"West Busselton","51569",0.6373610701411963
"West Cape Howe","51570",0.05583596182987094
"West Casuarinas","51571",0.5596668522339314
"West Coolup","51572",0.224265830591321
"West End (WA)","51573",0.23161182808689773
"West Fitzgerald","51574",0.6669841296970844
"West Holleton","51575",0.3005403170827776
"West Kalgoorlie","51576",0.03514332207851112
"West Lamington","51577",0.11319378647021949
"West Leederville","51578",0.45336909918114543
"West Lyons River","51579",0.011859058635309339
"West Perth","51580",0.6398012440185994
"West Pingelly","51581",0.29479685006663203
"West Pinjarra","51582",0.3744617416523397
"West Popanyinning","51583",0.44238898949697614
"West River","51584",0.3934211719315499
"West Swan","51585",0.0014570660423487425
"West Toodyay","51586",0.7984364558942616
"Westdale (WA)","51587",0.6385635065380484
"Westminster","51588",0.18159564165398479
"Westonia","51589",0.5936403668019921
"Westwood (WA)","51590",0.0179894280154258
"Whim Creek","51591",0.5244413113687187
"Whitby","51592",0.5428064386360347
"White Gum Valley","51593",0.8530951698776335
"White Peak","51594",0.7162155299447477
"Whiteman","51595",0.03452011686749756
"Whittaker","51596",0.37420509941875935
"Wialki","51597",0.697598202386871
"Wicherina","51598",0.5122015103697777
"Wicherina South","51599",0.01896887645125389
"Wickepin","51600",0.4956815429031849
"Wickham (WA)","51601",0.8425227948464453
"Widgiemooltha","51602",0.6190979548264295
"Wijilawarrim","51603",0.48715159366838634
"Wilberforce (WA)","51604",0.8726677331142128
"Wilbinga","51605",0.8080570544116199
"Wilga","51606",0.3378607635386288
"Wilga West","51607",0.03995278291404247
"Wilgarrup","51608",0.5389731971081346
"Wilgoyne","51609",0.21876573166809976
"Willagee","51610",0.3077691229991615
"Willare","51611",0.896508623380214
"Willetton","51612",0.7739736107178032
"William Bay","51613",0.48086838354356587
"Williams","51614",0.5746635782998055
"Williamstown (WA)","51615",0.6115047305356711
"Willyung","51616",0.6305601773783565
"Wilson","51617",0.32973720296286047
"Wiluna","51618",0.575252597220242
"Wilyabrup","51619",0.810464337002486
"Windabout","51620",0.4228494926355779
"Windy Harbour","51621",0.4097675527445972
"Winnejup","51622",0.7340749683789909
"Winthrop","51623",0.2572568713221699
"Witchcliffe","51624",0.22873606951907277
"Withers","51625",0.5634411831852049
"Wittenoom","51626",0.051473471568897367
"Wittenoom Hills","51627",0.5044142238330096
"Wogolin","51628",0.1391041949391365
"Wokalup","51629",0.5066668423824012
"Womarden","51630",0.47154881269671023
"Wongamine","51631",0.5262232937384397
"Wongan Hills","51632",0.5831326481420547
"Wongoondy","51633",0.37882702541537583
"Wonnerup","51634",0.3908065694849938
"Wonthella","51635",0.3217411511577666
"Woodanilling","51636",0.9553435195703059
"Woodbridge (WA)","51637",0.35432427655905485
"Woodlands (WA)","51638",0.2988245983142406
"Woodleigh (WA)","51639",0.48744467785581946
"Woodridge (WA)","51640",0.18603140860795975
"Woodvale (WA)","51641",0.4132736078463495
"Woogenellup","51642",0.6766782884951681
"Woolgorong","51643",0.5195487197488546
"Woolocutty","51644",0.7143001253716648
"Wooramel","51645",0.6322457257192582
"Wooroloo","51646",0.507646999321878
"Woorree","51647",0.9265356815885752
"Woottating","51648",0.5249064550735056
"Worsley","51649",0.49204886774532497
"Wubin","51650",0.4624468772672117
"Wundowie","51651",0.3481900242622942
"Wungong","51652",0.5686785415746272
"Wuraming","51653",0.15984615334309638
"Wyalkatchem","51654",0.9467518515884876
"Wyening","51655",0.08018755749799311
"Wyndham (WA)","51656",0.45990715571679175
"Wyola West","51657",0.9604374927002937
"Xantippe","51658",0.058564480394124985
"Yabberup","51659",0.18624020484276116
"Yakamia","51660",0.8203803438227624
"Yalardy","51661",0.7690254370681942
"Yalgoo","51662",0.2522821200545877
"Yallabatharra","51663",0.18753409385681152
"Yallingup","51664",0.9615030107088387
"Yallingup Siding","51665",0.09292778954841197
"Yalyalup","51666",0.02785109798423946
"Yanchep","51667",0.27463092072866857
"Yandanooka","51668",0.5851468818727881
"Yandoo Creek","51669",0.7907111013773829
"Yangebup","51670",0.36833013081923127
"Yanmah","51671",0.95345623139292
"Yannarie","51672",0.1588485217653215
"Yarawindah","51673",0.6819248099345714
"Yardarino","51674",0.05279252305626869
"Yarloop","51675",0.3277355369646102
"Yarragadee","51676",0.23658055742271245
"Yathroo","51677",0.02074886648915708
"Yeagarup","51678",0.4816324724815786
"Yeal","51679",0.817719125887379
"Yealering","51680",0.098133026622235775
"Yelbeni","51681",0.6383266472257674
"Yellowdine","51682",0.6741016849409789
"Yelverton","51683",0.2910187104716897
"Yerecoin","51684",0.5657018853817135
"Yetna","51685",0.35363653767853975
"Yilliminning","51686",0.6143472171388566
"Yoganup","51687",0.05310554942116141
"Yokine","51688",0.13237658166326582
"Yoongarillup","51689",0.5091917661484331
"York","51690",0.43377671763300896
"Yornaning","51691",0.9865584650542587
"Yornup","51692",0.6970880194567144
"Yoting","51693",0.4485825630836189
"Youndegin","51694",0.43762387288734317
"Youngs Siding","51695",0.1556690582074225
"Yourdamung Lake","51696",0.9157005893066525
"Yuna","51697",0.7298044750932604
"Zanthus","51698",0.5599910728633404
"Zuytdorp","51699",0.47945813462138176
"test","""00000""",0.6958994506858289
